overtakes_per_lap,lead_changes_per_lap,weather_volatility,safety_car_freq,rating,gp_name,year,pit_stop_intensity,retirement_rate,championship_active,gap_before,gap_after,title_clinched,leader_changed,championship_tension
4.228070175438597,0.0350877192982456,0.0,0.087719298245614,7.89,Bahrain Grand Prix,2022,1.0350877192982455,0.15,1,0.0,8.0,0,0,1.0
2.64,0.08,0.0,0.2,7.62,Saudi Arabian Grand Prix,2022,0.42,0.35,1,8.0,12.0,0,0,0.986
3.0344827586206895,0.0,0.0,0.2068965517241379,5.84,Australian Grand Prix,2022,0.3793103448275862,0.15,1,12.0,34.0,0,0,0.9779
3.245614035087719,0.0526315789473684,0.0,0.087719298245614,4.74,Miami Grand Prix,2022,0.5087719298245614,0.25,1,27.0,19.0,0,0,0.9442
3.272727272727273,0.0757575757575757,0.0,0.0,7.09,Spanish Grand Prix,2022,0.8333333333333334,0.1,1,19.0,6.0,0,1,0.9585
1.025974025974026,0.0259740259740259,0.3375742154368109,0.1168831168831168,5.01,Monaco Grand Prix,2022,0.7142857142857143,0.15,1,6.0,9.0,0,0,0.9861
2.764705882352941,0.0588235294117647,0.0,0.1568627450980392,4.71,Azerbaijan Grand Prix,2022,0.5882352941176471,0.25,1,9.0,21.0,0,0,0.9778
2.2285714285714286,0.0571428571428571,0.0,0.1857142857142857,6.45,Canadian Grand Prix,2022,0.4571428571428571,0.15,1,21.0,46.0,0,0,0.9447
2.8846153846153846,0.173076923076923,0.0,0.0769230769230769,9.55,British Grand Prix,2022,0.9423076923076924,0.3,1,46.0,34.0,0,0,0.8701
4.084507042253521,0.0985915492957746,0.0,0.056338028169014,7.82,Austrian Grand Prix,2022,0.6197183098591549,0.15,1,38.0,38.0,0,0,0.8812
2.056603773584906,0.0377358490566037,0.0,0.1886792452830188,5.23,French Grand Prix,2022,0.5283018867924528,0.25,1,38.0,63.0,0,0,0.8707
3.628571428571429,0.1,0.0,0.1142857142857142,7.33,Hungarian Grand Prix,2022,0.6,0.05,1,63.0,80.0,0,0,0.7649
5.363636363636363,0.0909090909090909,0.0,0.0454545454545454,5.64,Belgian Grand Prix,2022,0.8636363636363636,0.1,1,80.0,93.0,0,0,0.6694
2.388888888888889,0.0555555555555555,0.0,0.125,6.72,Dutch Grand Prix,2022,1.0,0.1,1,93.0,109.0,0,0,0.5694
4.018867924528302,0.0566037735849056,0.0,0.1132075471698113,4.17,Italian Grand Prix,2022,0.5660377358490566,0.2,1,109.0,116.0,0,0,0.4263
1.3114754098360657,0.0,0.6222222222222222,0.2950819672131147,6.2,Singapore Grand Prix,2022,0.3770491803278688,0.3,1,116.0,104.0,0,0,0.2927
2.018867924528302,0.0377358490566037,1.0,0.0566037735849056,5.54,Japanese Grand Prix,2022,0.7924528301886793,0.1,1,104.0,113.0,1,0,0.2464
4.75,0.1428571428571428,0.0,0.125,8.32,United States Grand Prix,2022,0.6607142857142857,0.15,0,113.0,124.0,0,0,0.0
3.913793103448276,0.0344827586206896,0.0,0.0,5.07,Abu Dhabi Grand Prix,2022,0.5862068965517241,0.15,0,139.0,146.0,0,0,0.0
2.9649122807017543,0.0350877192982456,0.0,0.0701754385964912,5.64,Bahrain Grand Prix,2023,0.912280701754386,0.45,1,0.0,7.0,0,0,1.0
2.62,0.02,0.0,0.04,4.04,Saudi Arabian Grand Prix,2023,0.5,0.15,1,7.0,1.0,0,0,0.9882
2.0,0.0344827586206896,0.0,0.1551724137931034,6.93,Australian Grand Prix,2023,1.1206896551724137,0.4,1,1.0,15.0,0,0,0.9982
2.156862745098039,0.0392156862745098,0.0,0.0392156862745098,1.86,Azerbaijan Grand Prix,2023,0.4705882352941176,0.2,1,13.0,6.0,0,0,0.9757
3.4035087719298245,0.0526315789473684,0.0,0.0,5.26,Miami Grand Prix,2023,0.3508771929824561,0.1,1,6.0,14.0,0,0,0.9882
1.1794871794871795,0.0,0.293069306930693,0.0,6.83,Monaco Grand Prix,2023,0.4871794871794871,0.6,1,14.0,39.0,0,0,0.971
4.545454545454546,0.0,0.0,0.0,5.31,Spanish Grand Prix,2023,0.6515151515151515,0.4,1,39.0,53.0,0,0,0.9145
1.957142857142857,0.0,0.0,0.1,5.67,Canadian Grand Prix,2023,0.4857142857142857,0.3,1,53.0,69.0,0,0,0.8767
2.6338028169014085,0.028169014084507,0.0,0.0985915492957746,7.17,Austrian Grand Prix,2023,0.8873239436619719,0.45,1,70.0,81.0,0,0,0.8232
2.4615384615384617,0.0192307692307692,0.0,0.0769230769230769,6.76,British Grand Prix,2023,0.5,0.15,1,81.0,99.0,0,0,0.7811
2.242857142857143,0.0,0.0,0.0,4.22,Hungarian Grand Prix,2023,0.5571428571428572,0.55,1,99.0,110.0,0,0,0.7122
4.75,0.0681818181818181,0.0,0.0,5.85,Belgian Grand Prix,2023,0.8636363636363636,0.1,1,118.0,125.0,0,0,0.6194
3.9305555555555554,0.0416666666666666,0.244229337304542,0.0833333333333333,8.92,Dutch Grand Prix,2023,1.4166666666666667,0.15,1,125.0,138.0,0,0,0.5599
3.3333333333333335,0.0980392156862745,0.0,0.0,7.24,Italian Grand Prix,2023,0.5098039215686274,0.2,1,138.0,145.0,0,0,0.4651
2.8870967741935485,0.0,0.0,0.0967741935483871,8.34,Singapore Grand Prix,2023,0.4032258064516129,0.25,1,145.0,151.0,0,0,0.375
3.150943396226415,0.0566037735849056,0.0,0.1698113207547169,6.26,Japanese Grand Prix,2023,0.9056603773584906,0.5,1,151.0,177.0,0,0,0.267
6.298245614035087,0.0,0.0,0.0350877192982456,5.78,Qatar Grand Prix,2023,0.9649122807017544,0.35,0,184.0,209.0,0,0,0.0
4.035714285714286,0.1071428571428571,0.0,0.0,6.34,United States Grand Prix,2023,0.6964285714285714,0.4,0,213.0,226.0,0,0,0.0
5.88,0.12,0.0,0.16,7.93,Las Vegas Grand Prix,2023,0.62,0.15,0,266.0,276.0,0,0,0.0
5.293103448275862,0.0517241379310344,0.0,0.0,5.34,Abu Dhabi Grand Prix,2023,0.6551724137931034,0.15,0,276.0,290.0,0,0,0.0
3.3157894736842106,0.0,0.0,0.0,2.86,Bahrain Grand Prix,2024,0.7543859649122807,0.5,1,0.0,8.0,0,0,1.0
1.8,0.04,0.0,0.04,4.5,Saudi Arabian Grand Prix,2024,0.4,0.4,1,8.0,15.0,0,0,0.9876
2.931034482758621,0.0172413793103448,0.0,0.1034482758620689,6.17,Australian Grand Prix,2024,0.6379310344827587,0.5263157894736842,1,15.0,4.0,0,0,0.9758
3.056603773584906,0.0754716981132075,0.0,0.0188679245283018,6.88,Japanese Grand Prix,2024,1.0377358490566038,0.55,1,4.0,13.0,0,0,0.9933
4.232142857142857,0.0357142857142857,0.0,0.1964285714285714,6.1,Chinese Grand Prix,2024,0.7321428571428571,0.15,1,15.0,25.0,0,0,0.9732
2.6491228070175437,0.0350877192982456,0.0,0.1403508771929824,7.63,Miami Grand Prix,2024,0.4912280701754385,0.05,1,27.0,33.0,0,0,0.9487
0.2307692307692307,0.0,0.0,0.0128205128205128,2.03,Monaco Grand Prix,2024,0.2948717948717949,0.65,1,48.0,31.0,0,0,0.8987
2.5714285714285716,0.0571428571428571,0.6650943396226415,0.0714285714285714,9.28,Canadian Grand Prix,2024,0.6428571428571429,0.3,1,31.0,56.0,0,0,0.9308
3.893939393939394,0.0757575757575757,0.0,0.0,6.23,Spanish Grand Prix,2024,0.6363636363636364,0.45,1,56.0,69.0,0,0,0.8673
3.1549295774647885,0.0422535211267605,0.0,0.056338028169014,8.04,Austrian Grand Prix,2024,0.647887323943662,0.4,1,71.0,81.0,0,0,0.817
1.5961538461538465,0.0961538461538461,0.2434963579604578,0.0,8.95,British Grand Prix,2024,0.8846153846153846,0.4,1,81.0,84.0,0,0,0.7762
3.342857142857143,0.0857142857142857,0.0,0.0,7.09,Hungarian Grand Prix,2024,0.5857142857142857,0.45,1,84.0,76.0,0,0,0.75
4.5,0.1363636363636363,0.0,0.0,7.71,Belgian Grand Prix,2024,0.7954545454545454,0.1,1,76.0,78.0,0,0,0.7548
2.4166666666666665,0.0416666666666666,0.0,0.0,3.93,Dutch Grand Prix,2024,0.3611111111111111,0.6,1,78.0,70.0,0,0,0.7254
3.9056603773584904,0.0943396226415094,0.0,0.0,7.81,Italian Grand Prix,2024,0.5849056603773585,0.35,1,70.0,62.0,0,0,0.7287
3.215686274509804,0.0588235294117647,0.0,0.3529411764705882,8.6,Azerbaijan Grand Prix,2024,0.4705882352941176,0.3,1,62.0,59.0,0,0,0.7328
2.2096774193548385,0.0,0.0,0.0,2.6,Singapore Grand Prix,2024,0.4032258064516129,0.65,1,59.0,52.0,0,0,0.7136
3.0714285714285716,0.0357142857142857,0.0,0.0357142857142857,7.63,United States Grand Prix,2024,0.4107142857142857,0.4,1,54.0,57.0,0,0,0.686
6.34,0.04,0.0,0.0,6.96,Las Vegas Grand Prix,2024,0.82,0.2,1,62.0,63.0,1,0,0.2791
2.1403508771929824,0.0,0.0,0.2456140350877192,6.28,Qatar Grand Prix,2024,1.0701754385964912,0.3,0,57.0,80.0,0,0,0.0
2.706896551724138,0.0,0.0,0.0689655172413793,6.25,Abu Dhabi Grand Prix,2024,0.5172413793103449,0.5,0,80.0,63.0,0,0,0.0
1.5964912280701755,0.0526315789473684,0.8090614886731392,0.3859649122807017,8.23,Australian Grand Prix,2025,1.4385964912280702,0.3,1,0.0,7.0,0,0,1.0
3.2142857142857144,0.0535714285714285,0.0,0.0,3.85,Chinese Grand Prix,2025,0.4642857142857143,0.35,1,2.0,8.0,0,0,0.9969
2.4150943396226414,0.0377358490566037,0.0,0.0,1.52,Japanese Grand Prix,2025,0.3962264150943396,0.05,1,8.0,1.0,0,0,0.9869
5.4035087719298245,0.0350877192982456,0.0,0.0701754385964912,7.38,Bahrain Grand Prix,2025,0.7543859649122807,0.1,1,1.0,3.0,0,0,0.9983
2.6,0.06,0.0,0.04,5.46,Saudi Arabian Grand Prix,2025,0.4,0.3,1,3.0,10.0,0,1,0.9946
1.7017543859649122,0.0175438596491228,0.0,0.2105263157894736,6.44,Miami Grand Prix,2025,0.3333333333333333,0.35,1,9.0,16.0,0,0,0.9829
3.6666666666666665,0.0,0.0,0.1428571428571428,6.91,Emilia Romagna Grand Prix,2025,0.5873015873015873,0.1,1,16.0,13.0,0,0,0.968
1.1923076923076923,0.0641025641025641,0.0,0.0512820512820512,1.68,Monaco Grand Prix,2025,0.5256410256410257,0.75,1,13.0,3.0,0,0,0.9726
3.4242424242424243,0.0303030303030303,0.0,0.0454545454545454,7.35,Spanish Grand Prix,2025,0.8333333333333334,0.1052631578947368,1,3.0,10.0,0,0,0.9933
3.1857142857142855,0.1142857142857142,0.0,0.0571428571428571,5.81,Canadian Grand Prix,2025,1.1857142857142855,0.6,1,10.0,22.0,0,0,0.9763
2.5714285714285716,0.0714285714285714,0.0,0.0285714285714285,6.67,Austrian Grand Prix,2025,0.4714285714285714,0.7,1,22.0,15.0,0,0,0.9444
3.019230769230769,0.0384615384615384,0.7360774818401937,0.3269230769230769,8.89,British Grand Prix,2025,0.6923076923076923,0.3,1,15.0,8.0,0,0,0.9595
1.8863636363636365,0.0681818181818181,0.2718998862343572,0.0454545454545454,2.93,Belgian Grand Prix,2025,0.5909090909090909,0.05,1,9.0,16.0,0,0,0.9732
2.871428571428571,0.0571428571428571,0.0,0.0,5.83,Hungarian Grand Prix,2025,0.4285714285714285,0.55,1,16.0,9.0,0,0,0.9484
2.375,0.0,0.0,0.1527777777777778,7.57,Dutch Grand Prix,2025,0.5555555555555556,0.15,1,9.0,34.0,0,0,0.9683
3.037735849056604,0.0754716981132075,0.0,0.0,4.78,Italian Grand Prix,2025,0.3773584905660377,0.3,1,34.0,31.0,0,0,0.8682
2.4313725490196076,0.0,0.0,0.0392156862745098,5.9,Azerbaijan Grand Prix,2025,0.4117647058823529,0.15,1,31.0,25.0,0,0,0.8664
2.8225806451612905,0.032258064516129,0.0,0.0,3.17,Singapore Grand Prix,2025,0.3709677419354839,0.55,1,25.0,22.0,0,0,0.8786
2.9107142857142856,0.0,0.0,0.0714285714285714,5.8,United States Grand Prix,2025,0.375,0.2,1,22.0,14.0,0,0,0.8721
2.36,0.0,0.0,0.16,5.53,Las Vegas Grand Prix,2025,0.5,0.35,1,24.0,24.0,0,0,0.7209
1.5789473684210529,0.087719298245614,0.0,0.0350877192982456,5.05,Qatar Grand Prix,2025,0.7719298245614035,0.35,1,22.0,12.0,0,0,0.5769
4.517241379310345,0.0344827586206896,0.0,0.0,4.28,Abu Dhabi Grand Prix,2025,0.4655172413793103,0.2,1,12.0,2.0,1,0,0.5385
1.7391304347826086,0.0,0.0,0.0,7.82,Austrian Grand Prix Sprint,2022,0.0434782608695652,0.1,1,34.0,38.0,0,0,0.8963
1.8823529411764703,0.0588235294117647,0.0,0.2352941176470588,3.772277227722772,Azerbaijan Grand Prix Sprint,2023,0.2941176470588235,0.1,1,15.0,13.0,0,0,0.9723
4.25,0.0,0.8395833333333333,0.0,6.455445544554456,Austrian Grand Prix Sprint,2023,0.4583333333333333,0.0,1,69.0,70.0,0,0,0.8292
4.090909090909091,0.1818181818181818,1.0,0.3636363636363636,5.454545454545454,Belgian Grand Prix Sprint,2023,1.0,0.1,1,110.0,118.0,0,0,0.6541
4.2105263157894735,0.1052631578947368,0.0,0.3157894736842105,5.252525252525253,Qatar Grand Prix Sprint,2023,0.2105263157894736,0.25,1,177.0,184.0,1,0,0.0167
1.894736842105263,0.0,0.0,0.0,6.782178217821782,United States Grand Prix Sprint,2023,0.0526315789473684,0.05,0,209.0,213.0,0,0,0.0
2.3684210526315788,0.0526315789473684,0.0,0.0,5.97,Chinese Grand Prix Sprint,2024,0.1052631578947368,0.05,1,13.0,15.0,0,0,0.9771
0.7894736842105263,0.0,0.0,0.1578947368421052,7.42,Miami Grand Prix Sprint,2024,2.0,0.1,1,25.0,27.0,0,0,0.9532
0.6956521739130435,0.0,0.0,0.0,7.777777777777778,Austrian Grand Prix Sprint,2024,0.0,0.0,1,69.0,71.0,0,0,0.8258
1.894736842105263,0.0,0.0,0.0,6.77,United States Grand Prix Sprint,2024,0.0,0.0,1,52.0,54.0,0,0,0.7111
1.0,0.0526315789473684,0.0,0.0,4.861386138613861,Qatar Grand Prix Sprint,2024,0.1052631578947368,0.0,0,63.0,57.0,0,0,0.0
2.210526315789474,0.0,0.0,0.0,5.089108910891089,Chinese Grand Prix Sprint,2025,0.0526315789473684,0.0,1,7.0,2.0,0,0,0.9892
4.111111111111111,0.1111111111111111,0.6978851963746223,0.2777777777777778,5.0,Miami Grand Prix Sprint,2025,1.1666666666666667,0.15,1,10.0,9.0,0,0,0.9813
0.5333333333333333,0.0,0.0,0.0,4.69,Belgian Grand Prix Sprint,2025,0.0666666666666666,0.05,1,8.0,9.0,0,0,0.9767
1.105263157894737,0.0,0.0,0.2631578947368421,4.99,United States Grand Prix Sprint,2025,0.1578947368421052,0.25,1,22.0,22.0,0,0,0.8778
0.5263157894736842,0.0,0.0,0.0,5.42,Qatar Grand Prix Sprint,2025,0.1578947368421052,0.0,1,24.0,22.0,0,0,0.6
1.887323943661972,0.0422535211267605,0.0,0.056338028169014,2.0816326530612246,Mexico City Grand Prix,2022,0.3380281690140845,0.1,0,124.0,136.0,0,0,0.0
1.1551724137931034,0.0172413793103448,0.0,0.0689655172413793,5.933333333333334,Australian Grand Prix,2018,0.3793103448275862,0.25,1,0.0,7.0,0,0,1.0
4.964912280701754,0.0701754385964912,0.0,0.0701754385964912,8.857925257731958,Bahrain Grand Prix,2018,0.5964912280701754,0.15,1,7.0,17.0,0,0,0.9865
3.482142857142857,0.0535714285714285,0.0,0.0357142857142857,8.490696071674707,Chinese Grand Prix,2018,0.5535714285714286,0.05,1,17.0,9.0,0,0,0.9656
3.2941176470588234,0.0392156862745098,0.0,0.1568627450980392,9.193861693861692,Azerbaijan Grand Prix,2018,0.7058823529411765,0.35,1,9.0,4.0,0,1,0.9808
1.6515151515151516,0.0303030303030303,0.0,0.0909090909090909,3.3,Spanish Grand Prix,2018,0.3484848484848485,0.3,1,4.0,17.0,0,0,0.991
1.3205128205128205,0.0,0.0,0.0512820512820512,4.197134387351778,Monaco Grand Prix,2018,0.3461538461538461,0.15,1,17.0,14.0,0,0,0.9591
1.4142857142857144,0.0,0.0,0.0285714285714285,2.4642464246424645,Canadian Grand Prix,2018,0.3,0.15,1,14.0,1.0,0,1,0.9641
3.018867924528302,0.0377358490566037,0.0,0.1509433962264151,6.6169275929549904,French Grand Prix,2018,0.4150943396226415,0.25,1,1.0,14.0,0,1,0.9973
2.4507042253521125,0.0140845070422535,0.0,0.056338028169014,8.791698991466252,Austrian Grand Prix,2018,0.3380281690140845,0.3,1,14.0,1.0,0,1,0.9586
3.230769230769231,0.0769230769230769,0.0,0.1153846153846153,9.095884413309982,British Grand Prix,2018,0.5576923076923077,0.3,1,1.0,8.0,0,0,0.9968
3.5671641791044775,0.0746268656716417,0.0279552715654952,0.0597014925373134,7.989130434782608,German Grand Prix,2018,0.6268656716417911,0.25,1,8.0,17.0,0,1,0.972
1.542857142857143,0.0285714285714285,0.0,0.1142857142857142,4.8658410732714135,Hungarian Grand Prix,2018,0.2857142857142857,0.15,1,17.0,24.0,0,0,0.9346
1.4772727272727273,0.0,0.0,0.0909090909090909,4.3261455525606465,Belgian Grand Prix,2018,0.8409090909090909,0.25,1,24.0,17.0,0,0,0.8974
2.5283018867924527,0.0754716981132075,0.0,0.0377358490566037,7.849946977730646,Italian Grand Prix,2018,0.4150943396226415,0.2,1,17.0,30.0,0,0,0.9183
1.8032786885245904,0.0655737704918032,0.0,0.0327868852459016,4.165457184325109,Singapore Grand Prix,2018,0.4098360655737705,0.05,1,30.0,40.0,0,0,0.8352
2.2452830188679247,0.0754716981132075,0.0,0.0,4.458525345622119,Russian Grand Prix,2018,0.4150943396226415,0.1,1,40.0,50.0,0,0,0.7436
3.924528301886793,0.0,0.0,0.1132075471698113,6.9188311688311686,Japanese Grand Prix,2018,0.4716981132075472,0.15,1,50.0,67.0,0,0,0.6154
2.125,0.0714285714285714,0.0,0.0714285714285714,9.38168449197861,United States Grand Prix,2018,0.4821428571428571,0.3,1,67.0,70.0,0,0,0.3558
2.535211267605634,0.028169014084507,0.0,0.1690140845070422,6.79953560371517,Mexican Grand Prix,2018,0.4225352112676056,0.2,1,70.0,64.0,1,0,0.1026
2.4788732394366195,0.056338028169014,0.0,0.0,8.269108280254777,Brazilian Grand Prix,2018,0.380281690140845,0.1,0,64.0,81.0,0,0,0.0
2.963636363636364,0.0545454545454545,0.0,0.109090909090909,6.401345291479821,Abu Dhabi Grand Prix,2018,0.3636363636363636,0.25,0,81.0,88.0,0,0,0.0
1.6724137931034482,0.0344827586206896,0.0,0.0,6.019588953114965,Australian Grand Prix,2019,0.396551724137931,0.15,1,0.0,8.0,0,0,1.0
3.8596491228070176,0.0701754385964912,0.0,0.0175438596491228,8.852862254025045,Bahrain Grand Prix,2019,0.7368421052631579,0.2,1,8.0,1.0,0,0,0.9846
2.5,0.0,0.0,0.0714285714285714,2.484399375975039,Chinese Grand Prix,2019,0.7142857142857143,0.15,1,1.0,6.0,0,1,0.998
4.117647058823529,0.0588235294117647,0.0,0.0784313725490196,4.072280178837556,Azerbaijan Grand Prix,2019,0.5686274509803921,0.2,1,6.0,1.0,0,1,0.9872
1.7424242424242424,0.0,0.0,0.0303030303030303,3.021084337349398,Spanish Grand Prix,2019,0.5606060606060606,0.1,1,1.0,7.0,0,1,0.9977
1.1794871794871795,0.0,0.0,0.0256410256410256,5.547798066595059,Monaco Grand Prix,2019,0.3076923076923077,0.05,1,7.0,17.0,0,0,0.9832
1.8,0.0428571428571428,0.0,0.0,5.991271820448878,Canadian Grand Prix,2019,0.3285714285714285,0.1,1,17.0,29.0,0,0,0.9564
2.509433962264151,0.0,0.0,0.0754716981132075,1.7838874680306904,French Grand Prix,2019,0.4528301886792453,0.05,1,29.0,36.0,0,0,0.9203
2.112676056338028,0.056338028169014,0.0,0.0,9.65272856130404,Austrian Grand Prix,2019,0.323943661971831,0.0,1,36.0,31.0,0,0,0.8935
2.7115384615384617,0.0192307692307692,0.0,0.0384615384615384,8.960905349794238,British Grand Prix,2019,0.5961538461538461,0.15,1,31.0,39.0,0,0,0.9006
4.265625,0.046875,0.7195467422096318,0.296875,9.902356902356903,German Grand Prix,2019,1.21875,0.35,1,39.0,41.0,0,0,0.8636
1.9714285714285715,0.0428571428571428,0.0,0.0,7.135416666666666,Hungarian Grand Prix,2019,0.3571428571428571,0.05,1,41.0,62.0,0,0,0.8423
4.204545454545454,0.0681818181818181,0.0,0.0909090909090909,6.9787234042553195,Belgian Grand Prix,2019,0.5454545454545454,0.2,1,62.0,65.0,0,0,0.735
3.60377358490566,0.0377358490566037,0.0,0.1509433962264151,7.904120443740094,Italian Grand Prix,2019,0.5660377358490566,0.15,1,65.0,63.0,0,0,0.6875
3.721311475409836,0.0491803278688524,0.0,0.0983606557377049,6.338562753036437,Singapore Grand Prix,2019,0.4754098360655737,0.15,1,63.0,65.0,0,0,0.6538
2.39622641509434,0.0188679245283018,0.0,0.1509433962264151,5.349075975359343,Russian Grand Prix,2019,0.5094339622641509,0.25,1,65.0,73.0,0,0,0.5833
3.7547169811320753,0.0754716981132075,0.0,0.0,6.323710073710074,Japanese Grand Prix,2019,0.6037735849056604,0.15,1,73.0,64.0,0,0,0.4385
2.5211267605633805,0.0422535211267605,0.0,0.056338028169014,5.895565927654609,Mexican Grand Prix,2019,0.4084507042253521,0.1,1,64.0,74.0,0,0,0.3846
3.4285714285714284,0.0714285714285714,0.0,0.0,5.948717948717949,United States Grand Prix,2019,0.6428571428571429,0.2,1,74.0,67.0,1,0,0.0513
4.633802816901408,0.0845070422535211,0.0,0.056338028169014,9.56153846153846,Brazilian Grand Prix,2019,0.6338028169014085,0.2,0,67.0,73.0,0,0,0.0
2.636363636363636,0.0,0.0,0.0,3.1933962264150946,Abu Dhabi Grand Prix,2019,0.4909090909090909,0.05,0,73.0,87.0,0,0,0.0
7.169014084507042,0.0985915492957746,0.0,0.0985915492957746,9.003297362110311,Austrian Grand Prix,2020,0.5915492957746479,0.45,1,0.0,7.0,0,0,1.0
2.563380281690141,0.028169014084507,0.0,0.028169014084507,5.697798295454546,Styrian Grand Prix,2020,0.3380281690140845,0.15,1,7.0,6.0,0,0,0.9832
2.414285714285714,0.0285714285714285,0.0422004521477015,0.0,5.414929107589658,Hungarian Grand Prix,2020,0.6571428571428571,0.1,1,6.0,5.0,0,1,0.9846
1.7692307692307692,0.0,0.0,0.1153846153846153,5.717255717255717,British Grand Prix,2020,0.4230769230769231,0.15,1,5.0,30.0,0,0,0.9863
3.75,0.0769230769230769,0.0,0.0,7.296966731898239,70th Anniversary Grand Prix,2020,0.8076923076923077,0.05,1,30.0,30.0,0,0,0.9112
2.9545454545454546,0.0,0.0,0.0,2.1466861598440543,Spanish Grand Prix,2020,0.5454545454545454,0.05,1,30.0,37.0,0,0,0.9038
2.159090909090909,0.0,0.0,0.0454545454545454,3.0529350104821806,Belgian Grand Prix,2020,0.4545454545454545,0.15,1,37.0,47.0,0,0,0.8706
2.8679245283018866,0.0566037735849056,0.0,0.0754716981132075,9.651610644257705,Italian Grand Prix,2020,0.7735849056603774,0.2,1,47.0,47.0,0,0,0.8192
1.3220338983050848,0.0508474576271186,0.0,0.1186440677966101,7.663147792706334,Tuscan Grand Prix,2020,1.1355932203389831,0.4,1,47.0,55.0,0,0,0.7991
2.547169811320755,0.0188679245283018,0.0,0.1132075471698113,3.813340227507756,Russian Grand Prix,2020,0.4528301886792453,0.1,1,55.0,44.0,0,0,0.7356
3.6166666666666663,0.0166666666666666,0.0,0.1,7.00081499592502,Eifel Grand Prix,2020,0.6,0.25,1,44.0,69.0,0,0,0.7582
3.5303030303030303,0.0757575757575757,0.0,0.0,6.493089832181639,Portuguese Grand Prix,2020,0.3939393939393939,0.05,1,69.0,77.0,0,0,0.5577
2.7241379310344827,0.1034482758620689,1.0,0.0689655172413793,8.747753145596166,Turkish Grand Prix,2020,0.7068965517241379,0.2,1,85.0,110.0,1,0,0.1827
3.6842105263157894,0.0350877192982456,0.0,0.087719298245614,6.370023419203747,Bahrain Grand Prix,2020,1.0,0.15,0,110.0,131.0,0,0,0.0
2.367816091954023,0.0344827586206896,0.0,0.1149425287356321,8.841019417475728,Sakhir Grand Prix,2020,0.4482758620689655,0.15,0,131.0,127.0,0,0,0.0
2.018181818181818,0.0,0.0,0.0727272727272727,1.0801630434782612,Abu Dhabi Grand Prix,2020,0.4181818181818181,0.05,0,127.0,124.0,0,0,0.0
4.071428571428571,0.0535714285714285,0.0,0.1071428571428571,8.418261769270565,Bahrain Grand Prix,2021,0.7678571428571429,0.2,1,0.0,7.0,0,0,1.0
2.257575757575758,0.0454545454545454,0.0,0.0606060606060606,3.979279891304348,Portuguese Grand Prix,2021,0.9090909090909092,0.05,1,1.0,8.0,0,0,0.9982
2.984848484848485,0.0454545454545454,0.0,0.0303030303030303,5.325131810193322,Spanish Grand Prix,2021,0.5606060606060606,0.05,1,8.0,14.0,0,0,0.9846
0.5641025641025641,0.0256410256410256,0.0,0.0,3.593617021276596,Monaco Grand Prix,2021,0.2564102564102564,0.1,1,14.0,4.0,0,1,0.9715
2.9607843137254903,0.1176470588235294,0.0,0.0784313725490196,8.971428571428572,Azerbaijan Grand Prix,2021,1.1764705882352942,0.2,1,4.0,4.0,0,0,0.9914
3.849056603773585,0.0754716981132075,0.0,0.0,8.268072289156628,French Grand Prix,2021,0.4150943396226415,0.0,1,4.0,12.0,0,0,0.9909
2.436619718309859,0.0,0.0,0.0,3.8080072793448583,Styrian Grand Prix,2021,0.3661971830985915,0.1,1,12.0,18.0,0,0,0.971
2.8450704225352115,0.0,0.0,0.0422535211267605,6.577586206896552,Austrian Grand Prix,2021,0.3943661971830985,0.1,1,18.0,32.0,0,0,0.9536
0.9285714285714286,0.0714285714285714,0.0517766497461928,0.0142857142857142,8.857507288629737,Hungarian Grand Prix,2021,0.7714285714285715,0.35,1,8.0,8.0,0,1,0.9756
0.0,0.0,0.0,0.0256410256410256,0.99645390070922,Belgian Grand Prix,2021,0.5128205128205128,0.0,1,8.0,3.0,0,0,0.9735
1.6388888888888888,0.0277777777777777,0.0,0.0,5.443404634581105,Dutch Grand Prix,2021,0.4444444444444444,0.15,1,3.0,3.0,0,1,0.9891
2.206896551724138,0.0689655172413793,0.0,0.0,6.442028985507246,Australian Grand Prix,2026,0.5689655172413793,0.7272727272727273,1,0.0,7.0,0,0,1.0
2.8450704225352115,0.0,0.0,0.056338028169014,7.40546218487395,Mexico City Grand Prix,2025,0.4225352112676056,0.45,1,14.0,1.0,0,1,0.9041
4.605633802816901,0.056338028169014,0.0,0.0845070422535211,8.654761904761905,São Paulo Grand Prix,2025,0.5352112676056338,0.15,1,9.0,24.0,0,0,0.9196
2.1666666666666665,0.0,0.0,0.0833333333333333,8.654761904761905,São Paulo Grand Prix Sprint,2025,0.8333333333333334,0.15,1,1.0,9.0,0,0,0.9917
4.867924528301887,0.0754716981132075,0.0653658536585365,0.0,8.949367088607595,Russian Grand Prix,2021,0.7735849056603774,0.1,1,5.0,2.0,0,1,0.9769
1.5517241379310345,0.0344827586206896,0.999128160418483,0.0,5.541871921182267,Turkish Grand Prix,2021,0.3448275862068966,0.0,1,2.0,6.0,0,1,0.9895
2.625,0.0535714285714285,0.0,0.0714285714285714,7.691869300911853,United States Grand Prix,2021,0.7857142857142857,0.15,1,6.0,12.0,0,0,0.9634
1.267605633802817,0.028169014084507,0.0,0.028169014084507,4.921023965141612,Mexico City Grand Prix,2021,0.352112676056338,0.1,1,12.0,19.0,0,0,0.913
4.035087719298246,0.0,0.0,0.0701754385964912,6.066121842496285,Qatar Grand Prix,2021,0.543859649122807,0.1,1,14.0,8.0,0,0,0.8205
1.86,0.08,0.0,0.38,6.8253588516746415,Saudi Arabian Grand Prix,2021,0.96,0.25,1,8.0,0.0,0,1,0.8462
2.6379310344827585,0.0517241379310344,0.0,0.1206896551724138,7.7863128491620115,Abu Dhabi Grand Prix,2021,0.5517241379310345,0.3,1,0.0,8.0,1,1,1.0
2.2535211267605635,0.0140845070422535,0.0,0.028169014084507,7.460629921259843,Mexico City Grand Prix,2024,0.3098591549295774,0.6,1,57.0,47.0,0,0,0.6096
1.8985507246376812,0.0289855072463768,1.0,0.1014492753623188,9.58288190682557,São Paulo Grand Prix,2024,0.5217391304347826,0.25,1,44.0,62.0,0,0,0.6071
1.75,0.0416666666666666,0.0,0.3333333333333333,9.58288190682557,São Paulo Grand Prix Sprint,2024,0.0,0.05,1,47.0,44.0,0,0,0.6083
2.3943661971830985,0.028169014084507,0.0,0.0985915492957746,6.102362204724409,Mexico City Grand Prix,2023,0.5915492957746479,0.25,0,226.0,251.0,0,0,0.0
2.112676056338028,0.028169014084507,0.0,0.0422535211267605,7.001262626262626,São Paulo Grand Prix,2023,0.9859154929577464,0.55,0,253.0,266.0,0,0,0.0
1.9166666666666667,0.0,0.0,0.0,7.001262626262626,São Paulo Grand Prix Sprint,2023,0.0,0.0,0,251.0,253.0,0,0,0.0
2.25,0.0192307692307692,0.0,0.0384615384615384,5.092739798622151,British Grand Prix,2021,0.8076923076923077,0.1,1,33.0,8.0,0,0,0.9068
2.588235294117647,0.0,0.0,0.0,5.1923076923076925,British Grand Prix Sprint,2021,0.0588235294117647,0.05,1,32.0,33.0,0,0,0.9116
2.6984126984126986,0.0158730158730158,0.0,0.0952380952380952,5.395089285714285,Emilia Romagna Grand Prix,2020,0.5079365079365079,0.25,1,77.0,85.0,0,0,0.4077
2.2857142857142856,0.0317460317460317,0.4418811002661934,0.1111111111111111,8.668478260869566,Emilia Romagna Grand Prix,2021,0.9047619047619048,0.2,1,7.0,1.0,0,0,0.9877
1.509433962264151,0.0943396226415094,0.0,0.1886792452830188,8.484018264840183,Italian Grand Prix,2021,0.4339622641509434,0.25,1,5.0,5.0,0,0,0.9793
1.0555555555555556,0.0,0.0,0.1111111111111111,3.797117516629711,Italian Grand Prix Sprint,2021,0.0555555555555555,0.05,1,3.0,5.0,0,0,0.988
0.9206349206349206,0.0,0.2906360424028268,0.0317460317460317,5.240761478163494,Emilia Romagna Grand Prix,2022,0.4126984126984127,0.1,1,40.0,27.0,0,0,0.9216
1.7142857142857142,0.0476190476190476,0.0,0.0952380952380952,6.499003984063744,Emilia Romagna Grand Prix Sprint,2022,0.0476190476190476,0.05,1,34.0,40.0,0,0,0.9344
2.3174603174603177,0.0317460317460317,0.0,0.0,4.75,Emilia Romagna Grand Prix,2024,0.4444444444444444,0.55,1,33.0,48.0,0,0,0.934
